{
  "function_selection": {
    "phase": "function_selection",
    "iterations": 25,
    "min": 0.0003377000102773309,
    "max": 0.0004425999941304326,
    "mean": 0.00038077200297266246,
    "median": 0.0003725000424310565,
    "stdev": 3.07915088594955e-05,
    "p95": 0.0004341999301686883
  },
  "test_mapping": {
    "phase": "test_mapping",
    "iterations": 25,
    "min": 0.0007195998914539814,
    "max": 0.0008875000057742,
    "mean": 0.0007824880117550492,
    "median": 0.0007677000248804688,
    "stdev": 4.518591945259512e-05,
    "p95": 0.0008690999820828438
  }
}