{
  "function_selection": {
    "phase": "function_selection",
    "iterations": 100,
    "min": 0.0003288999432697892,
    "max": 0.00045009993482381105,
    "mean": 0.0003762829990591854,
    "median": 0.0003710499731823802,
    "stdev": 3.377111614734784e-05,
    "p95": 0.0004330000374466181
  },
  "test_mapping": {
    "phase": "test_mapping",
    "iterations": 100,
    "min": 0.0006917000282555819,
    "max": 0.0008586000185459852,
    "mean": 0.0007469500123988837,
    "median": 0.0007293000817298889,
    "stdev": 4.5704377257540984e-05,
    "p95": 0.0008414000039920211
  }
}