{
  "function_selection": {
    "phase": "function_selection",
    "iterations": 25,
    "min": 0.0008523999713361263,
    "max": 0.0011431999737396836,
    "mean": 0.0010085400007665158,
    "median": 0.0010056999744847417,
    "stdev": 8.032484735070643e-05,
    "p95": 0.001103400019928813
  },
  "test_mapping": {
    "phase": "test_mapping",
    "iterations": 25,
    "min": 0.0006345999427139759,
    "max": 0.0009059999138116837,
    "mean": 0.000744623993523419,
    "median": 0.0007634999928995967,
    "stdev": 8.340909211229258e-05,
    "p95": 0.0008835000917315483
  }
}