{
  "function_selection": {
    "phase": "function_selection",
    "iterations": 100,
    "min": 0.0013231999473646283,
    "max": 0.0017846999689936638,
    "mean": 0.0014511190005578102,
    "median": 0.0014044499839656055,
    "stdev": 0.00012253228069406233,
    "p95": 0.0016857999144122005
  },
  "test_mapping": {
    "phase": "test_mapping",
    "iterations": 100,
    "min": 0.007427999982610345,
    "max": 0.008323600050061941,
    "mean": 0.0076355259993579234,
    "median": 0.007578550081234425,
    "stdev": 0.00016186665334634465,
    "p95": 0.007925999932922423
  }
}