{
  "function_selection": {
    "phase": "function_selection",
    "iterations": 25,
    "min": 0.0008183000609278679,
    "max": 0.0010686999885365367,
    "mean": 0.0009494399931281806,
    "median": 0.000985100050456822,
    "stdev": 7.918268858331252e-05,
    "p95": 0.0010640999535098672
  },
  "test_mapping": {
    "phase": "test_mapping",
    "iterations": 25,
    "min": 0.0006396000972017646,
    "max": 0.0008780999341979623,
    "mean": 0.0007277519907802343,
    "median": 0.0007273999508470297,
    "stdev": 7.461642033857477e-05,
    "p95": 0.0008767000399529934
  }
}