{
  "function_selection": {
    "phase": "function_selection",
    "iterations": 25,
    "min": 0.0009743999689817429,
    "max": 0.001102500013075769,
    "mean": 0.0010393119975924492,
    "median": 0.001029200037010014,
    "stdev": 4.254717112434117e-05,
    "p95": 0.0011000999948009849
  },
  "test_mapping": {
    "phase": "test_mapping",
    "iterations": 25,
    "min": 0.0006445999024435878,
    "max": 0.0009063000325113535,
    "mean": 0.0007496479898691178,
    "median": 0.0007541000377386808,
    "stdev": 7.433585533385458e-05,
    "p95": 0.0008671999676153064
  }
}